Workbook

Sheet Outputs
A1: Case 5: supported formula demonstration | B1: Case 5: supported formula demonstration | C1: Case 5: supported formula demonstration | D1: Case 5: supported formula demonstration | E1: Case 5: supported formula demonstration | F1: Case 5: supported formula demonstration
A2: Select all cells in column C below at Gate 2. Each calculation should reconstruct completely. | B2: Select all cells in column C below at Gate 2. Each calculation should reconstruct completely. | C2: Select all cells in column C below at Gate 2. Each calculation should reconstruct completely. | D2: Select all cells in column C below at Gate 2. Each calculation should reconstruct completely. | E2: Select all cells in column C below at Gate 2. Each calculation should reconstruct completely. | F2: Select all cells in column C below at Gate 2. Each calculation should reconstruct completely.
A3: Control account | B3: Authoritative output | C3: Result | D3: Primary function | E3: Expected status | F3: Output cell
A4: FML-001 | B4: Portfolio claim estimate total | C4: =Calculations!B4 -> 740000 | D4: SUM | E4: complete / pass | F4: Outputs!C4
A5: FML-002 | B5: Absolute net portfolio adjustment | C5: =Calculations!B5 -> 2900 | D5: ABS | E5: complete / pass | F5: Outputs!C5
A6: FML-003 | B6: Whole premium exposure units | C6: =Calculations!B6 -> 12 | D6: INT | E6: complete / pass | F6: Outputs!C6
A7: FML-004 | B7: Rounded positive reserve adjustment | C7: =Calculations!B7 -> 2501 | D7: ROUND | E7: complete / pass | F7: Outputs!C7
A8: FML-005 | B8: Conservative negative adjustment | C8: =Calculations!B8 -> -2500.6 | D8: ROUNDUP | E8: complete / pass | F8: Outputs!C8
A9: FML-006 | B9: Truncated negative adjustment | C9: =Calculations!B9 -> -2500.5 | D9: ROUNDDOWN | E9: complete / pass | F9: Outputs!C9
A10: FML-007 | B10: Upper reserve reporting band | C10: =Calculations!B10 -> 2600 | D10: CEILING | E10: complete / pass | F10: Outputs!C10
A11: FML-008 | B11: Lower reserve reporting band | C11: =Calculations!B11 -> 2500 | D11: FLOOR | E11: complete / pass | F11: Outputs!C11
A12: FML-009 | B12: SUMIF product reserve total | C12: =Calculations!B12 -> 310000 | D12: SUMIF | E12: complete / pass | F12: Outputs!C12
A13: FML-010 | B13: SUMIFS product-region reserve total | C13: =Calculations!B13 -> 200000 | D13: SUMIFS | E13: complete / pass | F13: Outputs!C13
A14: FML-011 | B14: COUNTIF selected product population | C14: =Calculations!B14 -> 3 | D14: COUNTIF | E14: complete / pass | F14: Outputs!C14
A15: FML-012 | B15: COUNTIFS active North population | C15: =Calculations!B15 -> 4 | D15: COUNTIFS | E15: complete / pass | F15: Outputs!C15
... A23: FML-020 | B23: Nested product risk factor | C23: =Calculations!B23 -> 1.08 | D23: INDEX | E23: complete / pass | F23: Outputs!C23

Sheet Calculations
A1: Supported formula calculations | B1: Supported formula calculations | C1: Supported formula calculations | D1: Supported formula calculations
A2: Each row is a separate synthetic financial control. Formula inputs remain visible on the supporting tabs. | B2: Each row is a separate synthetic financial control. Formula inputs remain visible on the supporting tabs. | C2: Each row is a separate synthetic financial control. Formula inputs remain visible on the supporting tabs. | D2: Each row is a separate synthetic financial control. Formula inputs remain visible on the supporting tabs.
A3: Output label | B3: Calculated result | C3: Primary function | D3: Business meaning
A4: Portfolio claim estimate total | B4: =SUM(Inputs!$F$4:$F$11) -> 740000 | C4: SUM | D4: Adds the claim estimates across the synthetic portfolio.
A5: Absolute net portfolio adjustment | B5: =ABS(SUM(Inputs!$G$4:$G$11)) -> 2900 | C5: ABS | D5: Shows the magnitude of the signed adjustment total.
A6: Whole premium exposure units | B6: =INT(SUM(Inputs!$E$4:$E$11)/Assumptions!$B$13) -> 12 | C6: INT | D6: Converts total premium into complete EUR 100,000 exposure units.
A7: Rounded positive reserve adjustment | B7: =ROUND(Assumptions!$B$9,Assumptions!$B$6) -> 2501 | C7: ROUND | D7: Exercises Excel half-away-from-zero rounding on a positive amount.
A8: Conservative negative adjustment | B8: =ROUNDUP(Assumptions!$B$10,Assumptions!$B$7) -> -2500.6 | C8: ROUNDUP | D8: Rounds a negative adjustment away from zero.
A9: Truncated negative adjustment | B9: =ROUNDDOWN(Assumptions!$B$10,Assumptions!$B$7) -> -2500.5 | C9: ROUNDDOWN | D9: Rounds a negative adjustment towards zero.
A10: Upper reserve reporting band | B10: =CEILING(Assumptions!$B$9,Assumptions!$B$8) -> 2600 | C10: CEILING | D10: Rounds an amount up to the next EUR 100 reporting band.
A11: Lower reserve reporting band | B11: =FLOOR(Assumptions!$B$9,Assumptions!$B$8) -> 2500 | C11: FLOOR | D11: Rounds an amount down to the previous EUR 100 reporting band.
A12: SUMIF product reserve total | B12: =SUMIF(Inputs!$B$4:$B$11,Assumptions!$B$4,Inputs!$F$4:$F$11) -> 310000 | C12: SUMIF | D12: Adds claims for the selected product.
A13: SUMIFS product-region reserve total | B13: =SUMIFS(Inputs!$F$4:$F$11,Inputs!$B$4:$B$11,Assumptions!$B$4,Inputs!$C$4:$C$11,Assumptions!$B$5) -> 200000 | C13: SUMIFS | D13: Adds claims for one product and one region.
A14: COUNTIF selected product population | B14: =COUNTIF(Inputs!$B$4:$B$11,Assumptions!$B$4) -> 3 | C14: COUNTIF | D14: Counts cohorts for the selected product.
A15: COUNTIFS active North population | B15: =COUNTIFS(Inputs!$C$4:$C$11,Assumptions!$B$5,Inputs!$D$4:$D$11,Assumptions!$B$14) -> 4 | C15: COUNTIFS | D15: Counts active cohorts in the selected region.
A16: AVERAGEIF optional Property mean | B16: =AVERAGEIF(Inputs!$B$4:$B$11,Assumptions!$B$4,Inputs!$H$4:$H$11) -> 2500 | C16: AVERAGEIF | D16: Excludes blanks but includes the genuine zero in the average.
A17: AVERAGEIFS active North mean | B17: =AVERAGEIFS(Inputs!$F$4:$F$11,Inputs!$C$4:$C$11,Assumptions!$B$5,Inputs!$D$4:$D$11,Assumptions!$B$14) -> 87500 | C17: AVERAGEIFS | D17: Averages claims meeting region and active-status conditions.
A18: MINIFS active claims minimum | B18: =_xlfn.MINIFS(Inputs!$F$4:$F$11,Inputs!$D$4:$D$11,Assumptions!$B$14) -> 70000 | C18: MINIFS | D18: Finds the minimum claim estimate in the active population.
A19: MAXIFS active claims maximum | B19: =_xlfn.MAXIFS(Inputs!$F$4:$F$11,Inputs!$D$4:$D$11,Assumptions!$B$14) -> 125000 | C19: MAXIFS | D19: Finds the maximum claim estimate in the active population.
A20: IF first active claim | B20: =IF(Assumptions!$B$15,Inputs!$F$4,IF(Assumptions!$B$16,Inputs!$F$5,Assumptions!$B$11)) -> 80000 | C20: IF | D20: Returns the claim estimate when the cohort flag is TRUE.
A21: Exact product risk factor | B21: =VLOOKUP(Assumptions!$B$12,Lookups!$A$4:$B$6,2,FALSE()) -> 1.08 | C21: VLOOKUP | D21: Retrieves a product factor using an exact VLOOKUP.
A22: Exact product table position | B22: =MATCH(Assumptions!$B$12,Lookups!$A$4:$A$6,0) -> 2 | C22: MATCH | D22: Finds the exact position of the selected product.
A23: Nested product risk factor | B23: =INDEX(Lookups!$B$4:$B$6,MATCH(Assumptions!$B$12,Lookups!$A$4:$A$6,0)) -> 1.08 | C23: INDEX | D23: Combines INDEX and MATCH to retrieve the same risk factor.

Sheet Inputs
A1: Synthetic portfolio inputs | B1: Synthetic portfolio inputs | C1: Synthetic portfolio inputs | D1: Synthetic portfolio inputs | E1: Synthetic portfolio inputs | F1: Synthetic portfolio inputs | G1: Synthetic portfolio inputs | H1: Synthetic portfolio inputs
A2: All records and amounts are fictional. Blank optional reserves and explicit zeros are intentional. | B2: All records and amounts are fictional. Blank optional reserves and explicit zeros are intentional. | C2: All records and amounts are fictional. Blank optional reserves and explicit zeros are intentional. | D2: All records and amounts are fictional. Blank optional reserves and explicit zeros are intentional. | E2: All records and amounts are fictional. Blank optional reserves and explicit zeros are intentional. | F2: All records and amounts are fictional. Blank optional reserves and explicit zeros are intentional. | G2: All records and amounts are fictional. Blank optional reserves and explicit zeros are intentional. | H2: All records and amounts are fictional. Blank optional reserves and explicit zeros are intentional.
A3: Cohort ID | B3: Product | C3: Region | D3: Active | E3: Premium (EUR) | F3: Claim estimate (EUR) | G3: Adjustment (EUR) | H3: Optional reserve (EUR)
A4: SYN-F001 | B4: Motor | C4: North | D4: Active | E4: 120000 | F4: 80000 | G4: -2500
A5: SYN-F002 | B5: Property | C5: South | D5: Active | E5: 200000 | F5: 110000 | G5: 0 | H5: 5000
A6: SYN-F003 | B6: Liability | C6: North | D6: Inactive | E6: 150000 | F6: 90000 | G6: 1800
A7: SYN-F004 | B7: Motor | C7: North | D7: Active | E7: 130000 | F7: 70000 | G7: -1200 | H7: 0
A8: SYN-F005 | B8: Property | C8: North | D8: Active | E8: 175000 | F8: 95000 | G8: 900 | H8: 0
A9: SYN-F006 | B9: Liability | C9: South | D9: Active | E9: 220000 | F9: 125000 | G9: -3000
A10: SYN-F007 | B10: Motor | C10: South | D10: Inactive | E10: 100000 | F10: 65000 | G10: 0 | H10: 2500
A11: SYN-F008 | B11: Property | C11: North | D11: Active | E11: 190000 | F11: 105000 | G11: 1100

Sheet Assumptions
A1: Formula demonstration assumptions | B1: Formula demonstration assumptions | C1: Formula demonstration assumptions
A3: Input | B3: Value | C3: Use
A4: Selected product | B4: Property | C4: Criteria and lookup tests
A5: Selected region | B5: North | C5: Multiple-criteria tests
A6: Whole-number precision | B6: 0 | C6: ROUND control
A7: Decimal precision | B7: 1 | C7: ROUNDUP and ROUNDDOWN controls
A8: Rounding significance | B8: 100 | C8: CEILING and FLOOR controls
A9: Positive half-unit boundary | B9: 2500.5 | C9: Positive Excel rounding boundary
A10: Negative rounding input | B10: -2500.51 | C10: Negative rounding behaviour
A11: Fallback zero | B11: 0 | C11: Explicit zero branch
A12: Lookup product | B12: Property | C12: Exact lookup key
A13: Exposure unit | B13: 100000 | C13: Whole premium exposure units
A14: Active status | B14: Active | C14: Text criterion used by population controls
A15: Boolean TRUE | B15: =TRUE() -> TRUE | C15: Boolean function used in the nested IF control
A16: Boolean FALSE | B16: =FALSE() -> FALSE | C16: Boolean function used in the nested IF control

Sheet Lookups
A1: Synthetic product lookup | B1: Synthetic product lookup
A3: Product | B3: Risk factor
A4: Motor | B4: 1.12
A5: Property | B5: 1.08
A6: Liability | B6: 1.18

Sheet Scope Boundary
A1: Deliberately unsupported boundary examples | B1: Deliberately unsupported boundary examples | C1: Deliberately unsupported boundary examples
A2: These cells are not part of the successful Gate 2 output set. Selecting either must return partial and incomplete. | B2: These cells are not part of the successful Gate 2 output set. Selecting either must return partial and incomplete. | C2: These cells are not part of the successful Gate 2 output set. Selecting either must return partial and incomplete.
A3: Boundary | B3: Cached workbook result | C3: Expected reconstruction
A4: Approximate VLOOKUP | B4: =VLOOKUP(Assumptions!$B$12,Lookups!$A$4:$B$6,2,TRUE()) -> 1.08 | C4: partial / incomplete
A5: OFFSET reference | B5: =OFFSET(Inputs!$F$4,1,0) -> 110000 | C5: partial / incomplete

Sheet Demo Guide
A1: Case 5 demonstration guide | B1: Case 5 demonstration guide | C1: Case 5 demonstration guide
A3: Scope | B3: All 20 functions declared supported by the production formula catalogue.
A4: Synthetic data | B4: All entities, accounts and amounts are fictional.
A5: Gate 1 context | B5: Aurora Formula Assurance SA; 2025-Q4; EUR; synthetic formula control demonstration.
A6: Gate 2 selection | B6: Select Outputs!C4:C23 as the authoritative outputs.
A7: Gate 3 | B7: Approve every proposed one-to-one mapping and choose both materiality thresholds.
A8: Gate 4 | B8: Create the named approval record before generating the PDF.
A10: Control | B10: Expected outcome | C10: Evidence
A11: Supported calculation population | B11: 20 complete outputs | C11: Outputs!C4:C23
A12: Internal reconciliation | B12: pass with zero deltas | C12: Excel cached values compared with Python reconstruction
A13: External reconciliation | B13: pass only after human mapping approval | C13: Synthetic formula control extract
A14: Unsupported boundary | B14: partial and incomplete | C14: Scope Boundary!B4:B5
A15: Report | B15: available only after Gate 4 | C15: Named approval record required
